demand,safety_stock,reorder_point,eoq,order_quantity
34.99704405183719,18.08481793456868,53.08186198640587,2527.243664441616,2527.243664441616
